{"assets/fonts/roboto-light.ttf":["assets/fonts/roboto-light.ttf"],"assets/fonts/roboto-regular.ttf":["assets/fonts/roboto-regular.ttf"],"assets/images/bar-chart.png":["assets/images/bar-chart.png"],"assets/images/diseases.png":["assets/images/diseases.png"],"assets/images/farmers.png":["assets/images/farmers.png"],"assets/images/icons8-chart.png":["assets/images/icons8-chart.png"],"assets/images/kericho.jpeg":["assets/images/kericho.jpeg"],"assets/images/logo.png":["assets/images/logo.png"],"assets/images/places.png":["assets/images/places.png"],"assets/images/sales-team.png":["assets/images/sales-team.png"],"assets/images/services.png":["assets/images/services.png"],"assets/images/services_dark.png":["assets/images/services_dark.png"],"assets/images/svgs/complete.svg":["assets/images/svgs/complete.svg"],"assets/images/svgs/dark_mode.svg":["assets/images/svgs/dark_mode.svg"],"assets/images/svgs/dashboard.svg":["assets/images/svgs/dashboard.svg"],"assets/images/svgs/employees.svg":["assets/images/svgs/employees.svg"],"assets/images/svgs/expenses.svg":["assets/images/svgs/expenses.svg"],"assets/images/svgs/google.svg":["assets/images/svgs/google.svg"],"assets/images/svgs/help.svg":["assets/images/svgs/help.svg"],"assets/images/svgs/laundry.svg":["assets/images/svgs/laundry.svg"],"assets/images/svgs/light_mode.svg":["assets/images/svgs/light_mode.svg"],"assets/images/svgs/offers.svg":["assets/images/svgs/offers.svg"],"assets/images/svgs/ongoing.svg":["assets/images/svgs/ongoing.svg"],"assets/images/svgs/orders.svg":["assets/images/svgs/orders.svg"],"assets/images/svgs/reports.svg":["assets/images/svgs/reports.svg"],"assets/images/svgs/revenue.svg":["assets/images/svgs/revenue.svg"],"assets/images/svgs/services.svg":["assets/images/svgs/services.svg"],"assets/images/svgs/settings.svg":["assets/images/svgs/settings.svg"],"assets/images/svgs/signIn.svg":["assets/images/svgs/signIn.svg"],"assets/images/svgs/signUp.svg":["assets/images/svgs/signUp.svg"],"assets/images/svgs/start.svg":["assets/images/svgs/start.svg"],"assets/images/svgs/users.svg":["assets/images/svgs/users.svg"],"assets/images/virus.png":["assets/images/virus.png"],"packages/awesome_dialog/assets/flare/error.flr":["packages/awesome_dialog/assets/flare/error.flr"],"packages/awesome_dialog/assets/flare/info.flr":["packages/awesome_dialog/assets/flare/info.flr"],"packages/awesome_dialog/assets/flare/info2.flr":["packages/awesome_dialog/assets/flare/info2.flr"],"packages/awesome_dialog/assets/flare/info_without_loop.flr":["packages/awesome_dialog/assets/flare/info_without_loop.flr"],"packages/awesome_dialog/assets/flare/question.flr":["packages/awesome_dialog/assets/flare/question.flr"],"packages/awesome_dialog/assets/flare/succes.flr":["packages/awesome_dialog/assets/flare/succes.flr"],"packages/awesome_dialog/assets/flare/succes_without_loop.flr":["packages/awesome_dialog/assets/flare/succes_without_loop.flr"],"packages/awesome_dialog/assets/flare/warning.flr":["packages/awesome_dialog/assets/flare/warning.flr"],"packages/awesome_dialog/assets/flare/warning_without_loop.flr":["packages/awesome_dialog/assets/flare/warning_without_loop.flr"],"packages/cupertino_icons/assets/CupertinoIcons.ttf":["packages/cupertino_icons/assets/CupertinoIcons.ttf"],"packages/flutter_neumorphic/fonts/NeumorphicIcons.ttf":["packages/flutter_neumorphic/fonts/NeumorphicIcons.ttf"],"packages/fluttertoast/assets/toastify.css":["packages/fluttertoast/assets/toastify.css"],"packages/fluttertoast/assets/toastify.js":["packages/fluttertoast/assets/toastify.js"],"packages/progress_dialog_null_safe/assets/double_ring_loading_io.gif":["packages/progress_dialog_null_safe/assets/double_ring_loading_io.gif"]}